"geo_accession","sample_id","subject_id","cell_type","disease_status","collection_date","sex","library_index","condition","timepoint_id","time_index","batch_id"
"GSM1479501","20_Bcells","D20","B-cells","Healthy Control","January 25 2012","F","4","Healthy Control","baseline",0,"2012-01-25"
"GSM1479502","20_CD4T","D20","CD4","Healthy Control","January 25 2012","F","5","Healthy Control","baseline",0,"2012-01-25"
"GSM1479503","20_CD8T","D20","CD8","Healthy Control","January 25 2012","F","27","Healthy Control","baseline",0,"2012-01-25"
"GSM1479500","20_Monocytes","D20","Monocytes","Healthy Control","January 25 2012","F","2","Healthy Control","baseline",0,"2012-01-25"
"GSM1479499","20_Neutrophils","D20","Neutrophils","Healthy Control","January 25 2012","F","1","Healthy Control","baseline",0,"2012-01-25"
"GSM1479504","20_NK","D20","NK","Healthy Control","January 25 2012","F","11","Healthy Control","baseline",0,"2012-01-25"
"GSM1479505","20_Tempus","D20","Whole Blood","Healthy Control","January 25 2012","F","6","Healthy Control","baseline",0,"2012-01-25"
"GSM1479508","21_Bcells","D21","B-cells","Healthy Control","February 2 2012","F","7","Healthy Control","baseline",0,"2012-02-02"
"GSM1479509","21_CD4T","D21","CD4","Healthy Control","February 2 2012","F","12","Healthy Control","baseline",0,"2012-02-02"
"GSM1479510","21_CD8T","D21","CD8","Healthy Control","February 2 2012","F","13","Healthy Control","baseline",0,"2012-02-02"
"GSM1479507","21_Monocytes","D21","Monocytes","Healthy Control","February 2 2012","F","3","Healthy Control","baseline",0,"2012-02-02"
"GSM1479506","21_Neutrophils","D21","Neutrophils","Healthy Control","February 2 2012","F","21","Healthy Control","baseline",0,"2012-02-02"
"GSM1479511","21_NK","D21","NK","Healthy Control","February 2 2012","F","14","Healthy Control","baseline",0,"2012-02-02"
"GSM1479512","21_Tempus","D21","Whole Blood","Healthy Control","February 2 2012","F","20","Healthy Control","baseline",0,"2012-02-02"
"GSM1479446","31_Bcells","D31","B-cells","MS pretreatment","May 21 2012","F","3","MS","pre_treatment",0,"2012-05-21"
"GSM1479447","31_CD4T","D31","CD4","MS pretreatment","May 21 2012","F","5","MS","pre_treatment",0,"2012-05-21"
"GSM1479448","31_CD8T","D31","CD8","MS pretreatment","May 21 2012","F","8","MS","pre_treatment",0,"2012-05-21"
"GSM1479445","31_Monocytes","D31","Monocytes","MS pretreatment","May 21 2012","F","4","MS","pre_treatment",0,"2012-05-21"
"GSM1479444","31_Neutrophils","D31","Neutrophils","MS pretreatment","May 21 2012","F","1","MS","pre_treatment",0,"2012-05-21"
"GSM1479434","31_Tempus","D31","Whole Blood","MS pretreatment","May 21 2012","F","2","MS","pre_treatment",0,"2012-05-21"
"GSM1479451","33_Bcells","D33","B-cells","MS posttreatment","May 22 2012","F","7","MS","post_treatment",1,"2012-05-22"
"GSM1479452","33_CD4T","D33","CD4","MS posttreatment","May 22 2012","F","11","MS","post_treatment",1,"2012-05-22"
"GSM1479453","33_CD8T","D33","CD8","MS posttreatment","May 22 2012","F","12","MS","post_treatment",1,"2012-05-22"
"GSM1479450","33_Monocytes","D33","Monocytes","MS posttreatment","May 22 2012","F","10","MS","post_treatment",1,"2012-05-22"
"GSM1479449","33_Neutrophils","D33","Neutrophils","MS posttreatment","May 22 2012","F","6","MS","post_treatment",1,"2012-05-22"
"GSM1479435","33_Tempus","D33","Whole Blood","MS posttreatment","May 22 2012","F","9","MS","post_treatment",1,"2012-05-22"
"GSM1479456","34_Bcells","D34","B-cells","Type 1 Diabetes","May 23 2012","F","21","Type 1 Diabetes","baseline",0,"2012-05-23"
"GSM1479457","34_CD4T","D34","CD4","Type 1 Diabetes","May 23 2012","F","15","Type 1 Diabetes","baseline",0,"2012-05-23"
"GSM1479458","34_CD8T","D34","CD8","Type 1 Diabetes","May 23 2012","F","22","Type 1 Diabetes","baseline",0,"2012-05-23"
"GSM1479455","34_Monocytes","D34","Monocytes","Type 1 Diabetes","May 23 2012","F","14","Type 1 Diabetes","baseline",0,"2012-05-23"
"GSM1479454","34_Neutrophils","D34","Neutrophils","Type 1 Diabetes","May 23 2012","F","20","Type 1 Diabetes","baseline",0,"2012-05-23"
"GSM1479459","34_NK","D34","NK","Type 1 Diabetes","May 23 2012","F","16","Type 1 Diabetes","baseline",0,"2012-05-23"
"GSM1479436","34_Tempus","D34","Whole Blood","Type 1 Diabetes","May 23 2012","F","13","Type 1 Diabetes","baseline",0,"2012-05-23"
"GSM1479462","37_Bcells","D37","B-cells","Type 1 Diabetes","June 6 2012","F","19","Type 1 Diabetes","baseline",0,"2012-06-06"
"GSM1479463","37_CD4T","D37","CD4","Type 1 Diabetes","June 6 2012","F","27","Type 1 Diabetes","baseline",0,"2012-06-06"
"GSM1479464","37_CD8T","D37","CD8","Type 1 Diabetes","June 6 2012","F","20","Type 1 Diabetes","baseline",0,"2012-06-06"
"GSM1479461","37_Monocytes","D37","Monocytes","Type 1 Diabetes","June 6 2012","F","25","Type 1 Diabetes","baseline",0,"2012-06-06"
"GSM1479460","37_Neutrophils","D37","Neutrophils","Type 1 Diabetes","June 6 2012","F","18","Type 1 Diabetes","baseline",0,"2012-06-06"
"GSM1479437","37_Tempus","D37","Whole Blood","Type 1 Diabetes","June 6 2012","F","23","Type 1 Diabetes","baseline",0,"2012-06-06"
"GSM1479536","40_Bcells","D40","B-cells","Type 1 Diabetes","June 19 2012","M","11","Type 1 Diabetes","baseline",0,"2012-06-19"
"GSM1479537","40_CD4T","D40","CD4","Type 1 Diabetes","June 19 2012","M","5","Type 1 Diabetes","baseline",0,"2012-06-19"
"GSM1479538","40_CD8T","D40","CD8","Type 1 Diabetes","June 19 2012","M","27","Type 1 Diabetes","baseline",0,"2012-06-19"
"GSM1479535","40_Monocytes","D40","Monocytes","Type 1 Diabetes","June 19 2012","M","2","Type 1 Diabetes","baseline",0,"2012-06-19"
"GSM1479534","40_Neutrophils","D40","Neutrophils","Type 1 Diabetes","June 19 2012","M","1","Type 1 Diabetes","baseline",0,"2012-06-19"
"GSM1479539","40_Tempus","D40","Whole Blood","Type 1 Diabetes","June 19 2012","M","4","Type 1 Diabetes","baseline",0,"2012-06-19"
"GSM1479542","41_Bcells","D41","B-cells","Type 1 Diabetes","June 20 2012","F","3","Type 1 Diabetes","baseline",0,"2012-06-20"
"GSM1479543","41_CD4T","D41","CD4","Type 1 Diabetes","June 20 2012","F","7","Type 1 Diabetes","baseline",0,"2012-06-20"
"GSM1479544","41_CD8T","D41","CD8","Type 1 Diabetes","June 20 2012","F","9","Type 1 Diabetes","baseline",0,"2012-06-20"
"GSM1479541","41_Monocytes","D41","Monocytes","Type 1 Diabetes","June 20 2012","F","21","Type 1 Diabetes","baseline",0,"2012-06-20"
"GSM1479540","41_Neutrophils","D41","Neutrophils","Type 1 Diabetes","June 20 2012","F","6","Type 1 Diabetes","baseline",0,"2012-06-20"
"GSM1479545","41_NK","D41","NK","Type 1 Diabetes","June 20 2012","F","13","Type 1 Diabetes","baseline",0,"2012-06-20"
"GSM1479546","41_Tempus","D41","Whole Blood","Type 1 Diabetes","June 20 2012","F","14","Type 1 Diabetes","baseline",0,"2012-06-20"
"GSM1479467","43_Bcells","D43","B-cells","Sepsis","June 22 2012","M","3","Sepsis","baseline",0,"2012-06-22"
"GSM1479468","43_CD4T","D43","CD4","Sepsis","June 22 2012","M","4","Sepsis","baseline",0,"2012-06-22"
"GSM1479469","43_CD8T","D43","CD8","Sepsis","June 22 2012","M","13","Sepsis","baseline",0,"2012-06-22"
"GSM1479466","43_Monocytes","D43","Monocytes","Sepsis","June 22 2012","M","2","Sepsis","baseline",0,"2012-06-22"
"GSM1479465","43_Neutrophils","D43","Neutrophils","Sepsis","June 22 2012","M","1","Sepsis","baseline",0,"2012-06-22"
"GSM1479470","43_NK","D43","NK","Sepsis","June 22 2012","M","20","Sepsis","baseline",0,"2012-06-22"
"GSM1479471","43_Tempus","D43","Whole Blood","Sepsis","June 22 2012","M","5","Sepsis","baseline",0,"2012-06-22"
"GSM1479440","44_Bcells","D44","B-cells","Healthy Control","June 26 2012","F","6","Healthy Control","baseline",0,"2012-06-26"
"GSM1479441","44_CD4T","D44","CD4","Healthy Control","June 26 2012","F","25","Healthy Control","baseline",0,"2012-06-26"
"GSM1479442","44_CD8T","D44","CD8","Healthy Control","June 26 2012","F","12","Healthy Control","baseline",0,"2012-06-26"
"GSM1479439","44_Monocytes","D44","Monocytes","Healthy Control","June 26 2012","F","23","Healthy Control","baseline",0,"2012-06-26"
"GSM1479438","44_Neutrophils","D44","Neutrophils","Healthy Control","June 26 2012","F","5","Healthy Control","baseline",0,"2012-06-26"
"GSM1479443","44_NK","D44","NK","Healthy Control","June 26 2012","F","19","Healthy Control","baseline",0,"2012-06-26"
"GSM1479433","44_Tempus","D44","Whole Blood","Healthy Control","June 26 2012","F","21","Healthy Control","baseline",0,"2012-06-26"
"GSM1479487","45_Bcells","D45","B-cells","MS pretreatment","June 28 2012","F","18","MS","pre_treatment",0,"2012-06-28"
"GSM1479488","45_CD4T","D45","CD4","MS pretreatment","June 28 2012","F","10","MS","pre_treatment",0,"2012-06-28"
"GSM1479489","45_CD8T","D45","CD8","MS pretreatment","June 28 2012","F","19","MS","pre_treatment",0,"2012-06-28"
"GSM1479486","45_Monocytes","D45","Monocytes","MS pretreatment","June 28 2012","F","23","MS","pre_treatment",0,"2012-06-28"
"GSM1479485","45_Neutrophils","D45","Neutrophils","MS pretreatment","June 28 2012","F","16","MS","pre_treatment",0,"2012-06-28"
"GSM1479490","45_NK","D45","NK","MS pretreatment","June 28 2012","F","4","MS","pre_treatment",0,"2012-06-28"
"GSM1479491","45_Tempus","D45","Whole Blood","MS pretreatment","June 28 2012","F","9","MS","pre_treatment",0,"2012-06-28"
"GSM1479494","46_Bcells","D46","B-cells","MS posttreatment","June 29 2012","F","25","MS","post_treatment",1,"2012-06-29"
"GSM1479495","46_CD4T","D46","CD4","MS posttreatment","June 29 2012","F","27","MS","post_treatment",1,"2012-06-29"
"GSM1479496","46_CD8T","D46","CD8","MS posttreatment","June 29 2012","F","11","MS","post_treatment",1,"2012-06-29"
"GSM1479493","46_Monocytes","D46","Monocytes","MS posttreatment","June 29 2012","F","7","MS","post_treatment",1,"2012-06-29"
"GSM1479492","46_Neutrophils","D46","Neutrophils","MS posttreatment","June 29 2012","F","22","MS","post_treatment",1,"2012-06-29"
"GSM1479497","46_NK","D46","NK","MS posttreatment","June 29 2012","F","1","MS","post_treatment",1,"2012-06-29"
"GSM1479498","46_Tempus","D46","Whole Blood","MS posttreatment","June 29 2012","F","27","MS","post_treatment",1,"2012-06-29"
"GSM1479474","49_Bcells","D49","B-cells","Sepsis","July 5 2012","F","7","Sepsis","baseline",0,"2012-07-05"
"GSM1479475","49_CD4T","D49","CD4","Sepsis","July 5 2012","F","12","Sepsis","baseline",0,"2012-07-05"
"GSM1479476","49_CD8T","D49","CD8","Sepsis","July 5 2012","F","3","Sepsis","baseline",0,"2012-07-05"
"GSM1479473","49_Monocytes","D49","Monocytes","Sepsis","July 5 2012","F","8","Sepsis","baseline",0,"2012-07-05"
"GSM1479472","49_Neutrophils","D49","Neutrophils","Sepsis","July 5 2012","F","6","Sepsis","baseline",0,"2012-07-05"
"GSM1479477","49_Tempus","D49","Whole Blood","Sepsis","July 5 2012","F","21","Sepsis","baseline",0,"2012-07-05"
"GSM1479480","50_Bcells","D50","B-cells","Sepsis","July 6 2012","F","9","Sepsis","baseline",0,"2012-07-06"
"GSM1479481","50_CD4T","D50","CD4","Sepsis","July 6 2012","F","2","Sepsis","baseline",0,"2012-07-06"
"GSM1479482","50_CD8T","D50","CD8","Sepsis","July 6 2012","F","14","Sepsis","baseline",0,"2012-07-06"
"GSM1479479","50_Monocytes","D50","Monocytes","Sepsis","July 6 2012","F","13","Sepsis","baseline",0,"2012-07-06"
"GSM1479478","50_Neutrophils","D50","Neutrophils","Sepsis","July 6 2012","F","22","Sepsis","baseline",0,"2012-07-06"
"GSM1479483","50_NK","D50","NK","Sepsis","July 6 2012","F","15","Sepsis","baseline",0,"2012-07-06"
"GSM1479484","50_Tempus","D50","Whole Blood","Sepsis","July 6 2012","F","16","Sepsis","baseline",0,"2012-07-06"
"GSM1479515","52_Bcells","D52","B-cells","ALS","August 16 2012",NA,"8","ALS","baseline",0,"2012-08-16"
"GSM1479516","52_CD4T","D52","CD4","ALS","August 16 2012",NA,"15","ALS","baseline",0,"2012-08-16"
"GSM1479517","52_CD8T","D52","CD8","ALS","August 16 2012",NA,"6","ALS","baseline",0,"2012-08-16"
"GSM1479514","52_Monocytes","D52","Monocytes","ALS","August 16 2012",NA,"22","ALS","baseline",0,"2012-08-16"
"GSM1479513","52_Neutrophils","D52","Neutrophils","ALS","August 16 2012",NA,"14","ALS","baseline",0,"2012-08-16"
"GSM1479518","52_NK","D52","NK","ALS","August 16 2012",NA,"16","ALS","baseline",0,"2012-08-16"
"GSM1479519","52_Tempus","D52","Whole Blood","ALS","August 16 2012",NA,"15","ALS","baseline",0,"2012-08-16"
"GSM1479522","53_Bcells","D53","B-cells","Healthy Control","August 21 2012","F","23","Healthy Control","baseline",0,"2012-08-21"
"GSM1479523","53_CD4T","D53","CD4","Healthy Control","August 21 2012","F","9","Healthy Control","baseline",0,"2012-08-21"
"GSM1479524","53_CD8T","D53","CD8","Healthy Control","August 21 2012","F","19","Healthy Control","baseline",0,"2012-08-21"
"GSM1479521","53_Monocytes","D53","Monocytes","Healthy Control","August 21 2012","F","18","Healthy Control","baseline",0,"2012-08-21"
"GSM1479520","53_Neutrophils","D53","Neutrophils","Healthy Control","August 21 2012","F","18","Healthy Control","baseline",0,"2012-08-21"
"GSM1479525","53_NK","D53","NK","Healthy Control","August 21 2012","F","11","Healthy Control","baseline",0,"2012-08-21"
"GSM1479526","53_Tempus","D53","Whole Blood","Healthy Control","August 21 2012","F","8","Healthy Control","baseline",0,"2012-08-21"
"GSM1479529","54_Bcells","D54","B-cells","ALS","August 22 2012",NA,"20","ALS","baseline",0,"2012-08-22"
"GSM1479530","54_CD4T","D54","CD4","ALS","August 22 2012",NA,"25","ALS","baseline",0,"2012-08-22"
"GSM1479531","54_CD8T","D54","CD8","ALS","August 22 2012",NA,"10","ALS","baseline",0,"2012-08-22"
"GSM1479528","54_Monocytes","D54","Monocytes","ALS","August 22 2012",NA,"5","ALS","baseline",0,"2012-08-22"
"GSM1479527","54_Neutrophils","D54","Neutrophils","ALS","August 22 2012",NA,"10","ALS","baseline",0,"2012-08-22"
"GSM1479532","54_NK","D54","NK","ALS","August 22 2012",NA,"21","ALS","baseline",0,"2012-08-22"
"GSM1479533","54_Tempus","D54","Whole Blood","ALS","August 22 2012",NA,"12","ALS","baseline",0,"2012-08-22"
"GSM1479549","55_Bcells","D55","B-cells","MS pretreatment","August 23 2012","F","22","MS","pre_treatment",0,"2012-08-23"
"GSM1479550","55_CD4T","D55","CD4","MS pretreatment","August 23 2012","F","8","MS","pre_treatment",0,"2012-08-23"
"GSM1479551","55_CD8T","D55","CD8","MS pretreatment","August 23 2012","F","15","MS","pre_treatment",0,"2012-08-23"
"GSM1479548","55_Monocytes","D55","Monocytes","MS pretreatment","August 23 2012","F","14","MS","pre_treatment",0,"2012-08-23"
"GSM1479547","55_Neutrophils","D55","Neutrophils","MS pretreatment","August 23 2012","F","20","MS","pre_treatment",0,"2012-08-23"
"GSM1479552","55_Tempus","D55","Whole Blood","MS pretreatment","August 23 2012","F","6","MS","pre_treatment",0,"2012-08-23"
"GSM1479555","56_Bcells","D56","B-cells","MS posttreatment","August 24 2012","F","10","MS","post_treatment",1,"2012-08-24"
"GSM1479556","56_CD4T","D56","CD4","MS posttreatment","August 24 2012","F","21","MS","post_treatment",1,"2012-08-24"
"GSM1479557","56_CD8T","D56","CD8","MS posttreatment","August 24 2012","F","23","MS","post_treatment",1,"2012-08-24"
"GSM1479554","56_Monocytes","D56","Monocytes","MS posttreatment","August 24 2012","F","15","MS","post_treatment",1,"2012-08-24"
"GSM1479553","56_Neutrophils","D56","Neutrophils","MS posttreatment","August 24 2012","F","16","MS","post_treatment",1,"2012-08-24"
"GSM1479558","56_NK","D56","NK","MS posttreatment","August 24 2012","F","9","MS","post_treatment",1,"2012-08-24"
"GSM1479559","56_Tempus","D56","Whole Blood","MS posttreatment","August 24 2012","F","19","MS","post_treatment",1,"2012-08-24"
"GSM1479562","58_Bcells","D58","B-cells","ALS","September 12 2012",NA,"11","ALS","baseline",0,"2012-09-12"
"GSM1479563","58_CD4T","D58","CD4","ALS","September 12 2012",NA,"5","ALS","baseline",0,"2012-09-12"
"GSM1479564","58_CD8T","D58","CD8","ALS","September 12 2012",NA,"20","ALS","baseline",0,"2012-09-12"
"GSM1479561","58_Monocytes","D58","Monocytes","ALS","September 12 2012",NA,"8","ALS","baseline",0,"2012-09-12"
"GSM1479560","58_Neutrophils","D58","Neutrophils","ALS","September 12 2012",NA,"12","ALS","baseline",0,"2012-09-12"
"GSM1479565","58_NK","D58","NK","ALS","September 12 2012",NA,"25","ALS","baseline",0,"2012-09-12"
"GSM1479566","58_Tempus","D58","Whole Blood","ALS","September 12 2012",NA,"10","ALS","baseline",0,"2012-09-12"
